seg,idx,t,lat,lon,alt,heading,range_nm
coastal,0,0.0,34.4234216,-119.8544276,2500.0,356.0,15.0
coastal,1,0.067,34.4234649,-119.8544312,2500.0,356.043,15.0
coastal,2,0.133,34.4235082,-119.8544348,2500.0,356.086,15.0
coastal,3,0.2,34.4235515,-119.8544384,2500.0,356.128,15.0
coastal,4,0.267,34.4235949,-119.8544419,2500.0,356.171,15.0
coastal,5,0.333,34.4236382,-119.8544454,2500.0,356.214,15.0
coastal,6,0.4,34.4236815,-119.8544489,2500.0,356.257,15.0
coastal,7,0.467,34.4237248,-119.8544523,2500.0,356.299,15.0
coastal,8,0.533,34.4237682,-119.8544557,2500.0,356.342,15.0
coastal,9,0.6,34.4238115,-119.854459,2500.0,356.385,15.0
coastal,10,0.667,34.4238548,-119.8544623,2500.0,356.428,15.0
coastal,11,0.733,34.4238982,-119.8544656,2500.0,356.471,15.0
coastal,12,0.8,34.4239415,-119.8544688,2500.0,356.513,15.0
coastal,13,0.867,34.4239849,-119.854472,2500.0,356.556,15.0
coastal,14,0.933,34.4240282,-119.8544751,2500.0,356.599,15.0
coastal,15,1.0,34.4240716,-119.8544782,2500.0,356.642,15.0
coastal,16,1.067,34.4241149,-119.8544813,2500.0,356.684,15.0
coastal,17,1.133,34.4241583,-119.8544843,2500.0,356.727,15.0
coastal,18,1.2,34.4242016,-119.8544873,2500.0,356.77,15.0
coastal,19,1.267,34.424245,-119.8544902,2500.0,356.813,15.0
coastal,20,1.333,34.4242883,-119.8544931,2500.0,356.856,15.0
coastal,21,1.4,34.4243317,-119.854496,2500.0,356.898,15.0
coastal,22,1.467,34.424375,-119.8544988,2500.0,356.941,15.0
coastal,23,1.533,34.4244184,-119.8545016,2500.0,356.984,15.0
coastal,24,1.6,34.4244618,-119.8545044,2500.0,357.027,15.0
coastal,25,1.667,34.4245051,-119.8545071,2500.0,357.07,15.0
coastal,26,1.733,34.4245485,-119.8545097,2500.0,357.112,15.0
coastal,27,1.8,34.4245919,-119.8545124,2500.0,357.155,15.0
coastal,28,1.867,34.4246352,-119.854515,2500.0,357.198,15.0
coastal,29,1.933,34.4246786,-119.8545175,2500.0,357.241,15.0
coastal,30,2.0,34.424722,-119.8545201,2500.0,357.283,15.0
coastal,31,2.067,34.4247653,-119.8545225,2500.0,357.326,15.0
coastal,32,2.133,34.4248087,-119.854525,2500.0,357.369,15.0
coastal,33,2.2,34.4248521,-119.8545274,2500.0,357.412,15.0
coastal,34,2.267,34.4248955,-119.8545297,2500.0,357.455,15.0
coastal,35,2.333,34.4249389,-119.8545321,2500.0,357.497,15.0
coastal,36,2.4,34.4249822,-119.8545343,2500.0,357.54,15.0
coastal,37,2.467,34.4250256,-119.8545366,2500.0,357.583,15.0
coastal,38,2.533,34.425069,-119.8545388,2500.0,357.626,15.0
coastal,39,2.6,34.4251124,-119.854541,2500.0,357.668,15.0
coastal,40,2.667,34.4251558,-119.8545431,2500.0,357.711,15.0
coastal,41,2.733,34.4251992,-119.8545452,2500.0,357.754,15.0
coastal,42,2.8,34.4252426,-119.8545472,2500.0,357.797,15.0
coastal,43,2.867,34.425286,-119.8545492,2500.0,357.84,15.0
coastal,44,2.933,34.4253293,-119.8545512,2500.0,357.882,15.0
coastal,45,3.0,34.4253727,-119.8545531,2500.0,357.925,15.0
coastal,46,3.067,34.4254161,-119.854555,2500.0,357.968,15.0
coastal,47,3.133,34.4254595,-119.8545569,2500.0,358.011,15.0
coastal,48,3.2,34.4255029,-119.8545587,2500.0,358.053,15.0
coastal,49,3.267,34.4255463,-119.8545605,2500.0,358.096,15.0
coastal,50,3.333,34.4255897,-119.8545622,2500.0,358.139,15.0
coastal,51,3.4,34.4256331,-119.8545639,2500.0,358.182,15.0
coastal,52,3.467,34.4256765,-119.8545656,2500.0,358.225,15.0
coastal,53,3.533,34.4257199,-119.8545672,2500.0,358.267,15.0
coastal,54,3.6,34.4257633,-119.8545688,2500.0,358.31,15.0
coastal,55,3.667,34.4258067,-119.8545703,2500.0,358.353,15.0
coastal,56,3.733,34.4258501,-119.8545718,2500.0,358.396,15.0
coastal,57,3.8,34.4258935,-119.8545733,2500.0,358.439,15.0
coastal,58,3.867,34.425937,-119.8545747,2500.0,358.481,15.0
coastal,59,3.933,34.4259804,-119.8545761,2500.0,358.524,15.0
coastal,60,4.0,34.4260238,-119.8545774,2500.0,358.567,15.0
coastal,61,4.067,34.4260672,-119.8545787,2500.0,358.61,15.0
coastal,62,4.133,34.4261106,-119.85458,2500.0,358.652,15.0
coastal,63,4.2,34.426154,-119.8545812,2500.0,358.695,15.0
coastal,64,4.267,34.4261974,-119.8545824,2500.0,358.738,15.0
coastal,65,4.333,34.4262408,-119.8545836,2500.0,358.781,15.0
coastal,66,4.4,34.4262842,-119.8545847,2500.0,358.824,15.0
coastal,67,4.467,34.4263277,-119.8545858,2500.0,358.866,15.0
coastal,68,4.533,34.4263711,-119.8545868,2500.0,358.909,15.0
coastal,69,4.6,34.4264145,-119.8545878,2500.0,358.952,15.0
coastal,70,4.667,34.4264579,-119.8545888,2500.0,358.995,15.0
coastal,71,4.733,34.4265013,-119.8545897,2500.0,359.037,15.0
coastal,72,4.8,34.4265447,-119.8545906,2500.0,359.08,15.0
coastal,73,4.867,34.4265882,-119.8545914,2500.0,359.123,15.0
coastal,74,4.933,34.4266316,-119.8545922,2500.0,359.166,15.0
coastal,75,5.0,34.426675,-119.854593,2500.0,359.209,15.0
coastal,76,5.067,34.4267184,-119.8545937,2500.0,359.251,15.0
coastal,77,5.133,34.4267618,-119.8545944,2500.0,359.294,15.0
coastal,78,5.2,34.4268052,-119.854595,2500.0,359.337,15.0
coastal,79,5.267,34.4268487,-119.8545956,2500.0,359.38,15.0
coastal,80,5.333,34.4268921,-119.8545962,2500.0,359.422,15.0
coastal,81,5.4,34.4269355,-119.8545967,2500.0,359.465,15.0
coastal,82,5.467,34.4269789,-119.8545972,2500.0,359.508,15.0
coastal,83,5.533,34.4270224,-119.8545976,2500.0,359.551,15.0
coastal,84,5.6,34.4270658,-119.854598,2500.0,359.594,15.0
coastal,85,5.667,34.4271092,-119.8545984,2500.0,359.636,15.0
coastal,86,5.733,34.4271526,-119.8545988,2500.0,359.679,15.0
coastal,87,5.8,34.427196,-119.854599,2500.0,359.722,15.0
coastal,88,5.867,34.4272395,-119.8545993,2500.0,359.765,15.0
coastal,89,5.933,34.4272829,-119.8545995,2500.0,359.807,15.0
coastal,90,6.0,34.4273263,-119.8545997,2500.0,359.85,15.0
coastal,91,6.067,34.4273697,-119.8545998,2500.0,359.893,15.0
coastal,92,6.133,34.4274132,-119.8545999,2500.0,359.936,15.0
coastal,93,6.2,34.4274566,-119.8546,2500.0,359.979,15.0
coastal,94,6.267,34.4275,-119.8546,2500.0,0.021,15.0
coastal,95,6.333,34.4275434,-119.8546,2500.0,0.064,15.0
coastal,96,6.4,34.4275868,-119.8545999,2500.0,0.107,15.0
coastal,97,6.467,34.4276303,-119.8545998,2500.0,0.15,15.0
coastal,98,6.533,34.4276737,-119.8545997,2500.0,0.193,15.0
coastal,99,6.6,34.4277171,-119.8545995,2500.0,0.235,15.0
coastal,100,6.667,34.4277605,-119.8545993,2500.0,0.278,15.0
coastal,101,6.733,34.427804,-119.854599,2500.0,0.321,15.0
coastal,102,6.8,34.4278474,-119.8545988,2500.0,0.364,15.0
coastal,103,6.867,34.4278908,-119.8545984,2500.0,0.406,15.0
coastal,104,6.933,34.4279342,-119.854598,2500.0,0.449,15.0
coastal,105,7.0,34.4279776,-119.8545976,2500.0,0.492,15.0
coastal,106,7.067,34.4280211,-119.8545972,2500.0,0.535,15.0
coastal,107,7.133,34.4280645,-119.8545967,2500.0,0.578,15.0
coastal,108,7.2,34.4281079,-119.8545962,2500.0,0.62,15.0
coastal,109,7.267,34.4281513,-119.8545956,2500.0,0.663,15.0
coastal,110,7.333,34.4281948,-119.854595,2500.0,0.706,15.0
coastal,111,7.4,34.4282382,-119.8545944,2500.0,0.749,15.0
coastal,112,7.467,34.4282816,-119.8545937,2500.0,0.791,15.0
coastal,113,7.533,34.428325,-119.854593,2500.0,0.834,15.0
coastal,114,7.6,34.4283684,-119.8545922,2500.0,0.877,15.0
coastal,115,7.667,34.4284118,-119.8545914,2500.0,0.92,15.0
coastal,116,7.733,34.4284553,-119.8545906,2500.0,0.963,15.0
coastal,117,7.8,34.4284987,-119.8545897,2500.0,1.005,15.0
coastal,118,7.867,34.4285421,-119.8545888,2500.0,1.048,15.0
coastal,119,7.933,34.4285855,-119.8545878,2500.0,1.091,15.0
coastal,120,8.0,34.4286289,-119.8545868,2500.0,1.134,15.0
coastal,121,8.067,34.4286723,-119.8545858,2500.0,1.176,15.0
coastal,122,8.133,34.4287158,-119.8545847,2500.0,1.219,15.0
coastal,123,8.2,34.4287592,-119.8545836,2500.0,1.262,15.0
coastal,124,8.267,34.4288026,-119.8545824,2500.0,1.305,15.0
coastal,125,8.333,34.428846,-119.8545812,2500.0,1.348,15.0
coastal,126,8.4,34.4288894,-119.85458,2500.0,1.39,15.0
coastal,127,8.467,34.4289328,-119.8545787,2500.0,1.433,15.0
coastal,128,8.533,34.4289762,-119.8545774,2500.0,1.476,15.0
coastal,129,8.6,34.4290196,-119.8545761,2500.0,1.519,15.0
coastal,130,8.667,34.429063,-119.8545747,2500.0,1.561,15.0
coastal,131,8.733,34.4291065,-119.8545733,2500.0,1.604,15.0
coastal,132,8.8,34.4291499,-119.8545718,2500.0,1.647,15.0
coastal,133,8.867,34.4291933,-119.8545703,2500.0,1.69,15.0
coastal,134,8.933,34.4292367,-119.8545688,2500.0,1.733,15.0
coastal,135,9.0,34.4292801,-119.8545672,2500.0,1.775,15.0
coastal,136,9.067,34.4293235,-119.8545656,2500.0,1.818,15.0
coastal,137,9.133,34.4293669,-119.8545639,2500.0,1.861,15.0
coastal,138,9.2,34.4294103,-119.8545622,2500.0,1.904,15.0
coastal,139,9.267,34.4294537,-119.8545605,2500.0,1.947,15.0
coastal,140,9.333,34.4294971,-119.8545587,2500.0,1.989,15.0
coastal,141,9.4,34.4295405,-119.8545569,2500.0,2.032,15.0
coastal,142,9.467,34.4295839,-119.854555,2500.0,2.075,15.0
coastal,143,9.533,34.4296273,-119.8545531,2500.0,2.118,15.0
coastal,144,9.6,34.4296707,-119.8545512,2500.0,2.16,15.0
coastal,145,9.667,34.429714,-119.8545492,2500.0,2.203,15.0
coastal,146,9.733,34.4297574,-119.8545472,2500.0,2.246,15.0
coastal,147,9.8,34.4298008,-119.8545452,2500.0,2.289,15.0
coastal,148,9.867,34.4298442,-119.8545431,2500.0,2.332,15.0
coastal,149,9.933,34.4298876,-119.854541,2500.0,2.374,15.0
coastal,150,10.0,34.429931,-119.8545388,2500.0,2.417,15.0
coastal,151,10.067,34.4299744,-119.8545366,2500.0,2.46,15.0
coastal,152,10.133,34.4300178,-119.8545343,2500.0,2.503,15.0
coastal,153,10.2,34.4300611,-119.8545321,2500.0,2.545,15.0
coastal,154,10.267,34.4301045,-119.8545297,2500.0,2.588,15.0
coastal,155,10.333,34.4301479,-119.8545274,2500.0,2.631,15.0
coastal,156,10.4,34.4301913,-119.854525,2500.0,2.674,15.0
coastal,157,10.467,34.4302347,-119.8545225,2500.0,2.717,15.0
coastal,158,10.533,34.430278,-119.8545201,2500.0,2.759,15.0
coastal,159,10.6,34.4303214,-119.8545175,2500.0,2.802,15.0
coastal,160,10.667,34.4303648,-119.854515,2500.0,2.845,15.0
coastal,161,10.733,34.4304081,-119.8545124,2500.0,2.888,15.0
coastal,162,10.8,34.4304515,-119.8545097,2500.0,2.93,15.0
coastal,163,10.867,34.4304949,-119.8545071,2500.0,2.973,15.0
coastal,164,10.933,34.4305382,-119.8545044,2500.0,3.016,15.0
coastal,165,11.0,34.4305816,-119.8545016,2500.0,3.059,15.0
coastal,166,11.067,34.430625,-119.8544988,2500.0,3.102,15.0
coastal,167,11.133,34.4306683,-119.854496,2500.0,3.144,15.0
coastal,168,11.2,34.4307117,-119.8544931,2500.0,3.187,15.0
coastal,169,11.267,34.430755,-119.8544902,2500.0,3.23,15.0
coastal,170,11.333,34.4307984,-119.8544873,2500.0,3.273,15.0
coastal,171,11.4,34.4308417,-119.8544843,2500.0,3.316,15.0
coastal,172,11.467,34.4308851,-119.8544813,2500.0,3.358,15.0
coastal,173,11.533,34.4309284,-119.8544782,2500.0,3.401,15.0
coastal,174,11.6,34.4309718,-119.8544751,2500.0,3.444,15.0
coastal,175,11.667,34.4310151,-119.854472,2500.0,3.487,15.0
coastal,176,11.733,34.4310585,-119.8544688,2500.0,3.529,15.0
coastal,177,11.8,34.4311018,-119.8544656,2500.0,3.572,15.0
coastal,178,11.867,34.4311452,-119.8544623,2500.0,3.615,15.0
coastal,179,11.933,34.4311885,-119.854459,2500.0,3.658,15.0
coastal,180,12.0,34.4312318,-119.8544557,2500.0,3.701,15.0
coastal,181,12.067,34.4312752,-119.8544523,2500.0,3.743,15.0
coastal,182,12.133,34.4313185,-119.8544489,2500.0,3.786,15.0
coastal,183,12.2,34.4313618,-119.8544454,2500.0,3.829,15.0
coastal,184,12.267,34.4314051,-119.8544419,2500.0,3.872,15.0
coastal,185,12.333,34.4314485,-119.8544384,2500.0,3.914,15.0
coastal,186,12.4,34.4314918,-119.8544348,2500.0,3.957,15.0
coastal,187,12.467,34.4315351,-119.8544312,2500.0,4.0,15.0
